id,weather,temp,pressure,humidity,wind
1,Sunny,100,449,0.7568024953079282,4
2,Cloudy,0,895,0.5290826861200238,34
3,Sunny,100,202,0.8317747426285983,43
4,Cloudy,0,799,0.4201670368266409,13
5,Sunny,100,466,0.9613974918795568,17
6,Cloudy,0,991,0.956375928404503,27
7,Sunny,100,291,0.008851309290403876,22
8,Sunny,100,302,0.4121184852417566,9
9,Sunny,100,206,0.404037645323065,31
10,Sunny,100,280,0.9129452507276277,20
11,Sunny,100,407,0.9055783620066239,24
12,Sunny,100,316,0.9880316240928618,30
13,Cloudy,0,608,0.8317747426285983,43
14,Cloudy,0,700,0.9165215479156338,42
15,Sunny,100,89,0.7682546613236668,48
16,Sunny,100,38,0.6435381333569994,37
17,Cloudy,0,929,0.428182669496151,35
18,Cloudy,0,850,0.5440211108893699,10
19,Sunny,100,24,0.6636338842129675,29
20,Cloudy,0,777,0.9880316240928618,30
21,Sunny,100,117,0.6636338842129675,29
22,Sunny,100,219,0.123573122745224,47
23,Cloudy,0,996,0.27941549819892586,6
24,Sunny,100,32,0.017701925105413577,44
25,Sunny,100,466,0.123573122745224,47
26,Cloudy,0,897,0.017701925105413577,44
27,Cloudy,0,671,0.9589242746631385,5
28,Cloudy,0,667,0.8462204041751706,23
29,Sunny,100,213,0.14987720966295234,19
30,Cloudy,0,991,0.5514266812416906,32
31,Sunny,100,175,0.9129452507276277,20
32,Cloudy,0,966,0.9537526527594719,49
33,Cloudy,0,685,0.5514266812416906,32
34,Cloudy,0,781,0.428182669496151,35
35,Cloudy,0,543,0.9589242746631385,5
36,Cloudy,0,933,0.9999118601072672,33
37,Sunny,100,436,0.27090578830786904,28
38,Sunny,100,200,0.9129452507276277,20
39,Sunny,100,160,0.9917788534431158,36
40,Cloudy,0,513,0.956375928404503,27
41,Cloudy,0,578,0.7625584504796028,26
42,Sunny,100,25,0.836655638536056,21
43,Cloudy,0,598,0.404037645323065,31
44,Cloudy,0,654,0.27090578830786904,28
45,Cloudy,0,567,0.404037645323065,31
46,Sunny,100,197,0.9017883476488092,46
47,Cloudy,0,729,0.008851309290403876,22
48,Sunny,100,360,0.6502878401571169,15
49,Sunny,100,57,0.5365729180004349,12
50,Sunny,100,156,0.5290826861200238,34
51,Cloudy,0,948,0.9637953862840878,39
52,Cloudy,0,857,0.7625584504796028,26
53,Cloudy,0,658,0.5290826861200238,34
54,Sunny,100,175,0.9017883476488092,46
55,Sunny,100,384,0.9092974268256817,2
56,Sunny,100,194,0.8462204041751706,23
57,Cloudy,0,622,0.123573122745224,47
58,Sunny,100,7,0.9092974268256817,2
59,Sunny,100,314,0.0,0
60,Cloudy,0,569,0.158622668804709,41
61,Cloudy,0,774,0.8414709848078965,1
62,Cloudy,0,535,0.2879033166650653,16
63,Sunny,100,216,0.8317747426285983,43
64,Cloudy,0,537,0.9906073556948704,14
65,Sunny,100,433,0.4121184852417566,9
66,Cloudy,0,925,0.9999118601072672,33
67,Cloudy,0,936,0.9537526527594719,49
68,Sunny,100,414,0.9055783620066239,24
69,Cloudy,0,915,0.956375928404503,27
70,Sunny,100,333,0.6502878401571169,15
71,Cloudy,0,995,0.7451131604793488,40
72,Sunny,100,208,0.9917788534431158,36
73,Cloudy,0,591,0.9537526527594719,49
74,Cloudy,0,772,0.6435381333569994,37
75,Sunny,100,268,0.9613974918795568,17
76,Sunny,100,191,0.017701925105413577,44
77,Sunny,100,106,0.27941549819892586,6
78,Cloudy,0,946,0.2879033166650653,16
79,Cloudy,0,871,0.6435381333569994,37
80,Sunny,100,98,0.123573122745224,47
81,Cloudy,0,925,0.9092974268256817,2
82,Cloudy,0,723,0.2963685787093853,38
83,Cloudy,0,746,0.2963685787093853,38
84,Sunny,100,327,0.7682546613236668,48
85,Cloudy,0,666,0.9055783620066239,24
86,Cloudy,0,593,0.6569865987187891,7
87,Cloudy,0,938,0.6435381333569994,37
88,Cloudy,0,766,0.1411200080598672,3
89,Sunny,100,342,0.008851309290403876,22
90,Cloudy,0,927,0.7682546613236668,48
91,Sunny,100,109,0.7625584504796028,26
92,Sunny,100,405,0.836655638536056,21
93,Sunny,100,369,0.9017883476488092,46
94,Sunny,100,86,0.27090578830786904,28
95,Cloudy,0,984,0.9055783620066239,24
96,Cloudy,0,537,0.9589242746631385,5
97,Sunny,100,41,0.404037645323065,31
98,Cloudy,0,765,0.017701925105413577,44
99,Cloudy,0,957,0.836655638536056,21
100,Sunny,100,332,0.9999902065507035,11
101,Sunny,100,496,0.956375928404503,27
102,Cloudy,0,642,0.9129452507276277,20
103,Cloudy,0,755,0.9017883476488092,46
104,Cloudy,0,941,0.9917788534431158,36
105,Cloudy,0,752,0.9999118601072672,33
106,Cloudy,0,721,0.9589242746631385,5
107,Cloudy,0,905,0.4201670368266409,13
108,Sunny,100,371,0.9893582466233818,8
109,Sunny,100,144,0.158622668804709,41
110,Sunny,100,14,0.4121184852417566,9
111,Sunny,100,431,0.9880316240928618,30
112,Cloudy,0,592,0.008851309290403876,22
113,Cloudy,0,943,0.4121184852417566,9
114,Sunny,100,490,0.4121184852417566,9
115,Sunny,100,134,0.13235175009777303,25
116,Sunny,100,479,0.9999902065507035,11
117,Sunny,100,1,0.27090578830786904,28
118,Sunny,100,85,0.2963685787093853,38
119,Sunny,100,191,0.5365729180004349,12
120,Cloudy,0,656,0.836655638536056,21
121,Sunny,100,81,0.2963685787093853,38
122,Sunny,100,360,0.9537526527594719,49
123,Sunny,100,79,0.9637953862840878,39
124,Sunny,100,293,0.750987246771676,18
125,Sunny,100,69,0.7568024953079282,4
126,Cloudy,0,894,0.4121184852417566,9
127,Cloudy,0,804,0.017701925105413577,44
128,Sunny,100,457,0.1411200080598672,3
129,Sunny,100,136,0.9637953862840878,39
130,Cloudy,0,669,0.9880316240928618,30
131,Cloudy,0,503,0.7451131604793488,40
132,Sunny,100,30,0.6569865987187891,7
133,Cloudy,0,582,0.1411200080598672,3
134,Sunny,100,461,0.428182669496151,35
135,Cloudy,0,631,0.9092974268256817,2
136,Sunny,100,222,0.0,0
137,Sunny,100,319,0.2963685787093853,38
138,Sunny,100,142,0.2879033166650653,16
139,Cloudy,0,574,0.7568024953079282,4
140,Sunny,100,455,0.9165215479156338,42
141,Cloudy,0,915,0.13235175009777303,25
142,Cloudy,0,509,0.123573122745224,47
143,Cloudy,0,835,0.6435381333569994,37
144,Sunny,100,423,0.9637953862840878,39
145,Cloudy,0,877,0.5290826861200238,34
146,Sunny,100,29,0.5365729180004349,12
147,Sunny,100,446,0.5290826861200238,34
148,Cloudy,0,806,0.7568024953079282,4
149,Cloudy,0,943,0.9055783620066239,24
150,Cloudy,0,653,0.6435381333569994,37
151,Cloudy,0,947,0.5365729180004349,12
152,Cloudy,0,801,0.8317747426285983,43
153,Cloudy,0,907,0.9092974268256817,2
154,Cloudy,0,736,0.9537526527594719,49
155,Sunny,100,473,0.9637953862840878,39
156,Sunny,100,383,0.4121184852417566,9
157,Cloudy,0,960,0.4121184852417566,9
158,Sunny,100,162,0.8462204041751706,23
159,Sunny,100,80,0.5514266812416906,32
160,Cloudy,0,666,0.9880316240928618,30
161,Sunny,100,330,0.008851309290403876,22
162,Cloudy,0,617,0.836655638536056,21
163,Sunny,100,500,0.5365729180004349,12
164,Cloudy,0,748,0.27941549819892586,6
165,Cloudy,0,892,0.8414709848078965,1
166,Sunny,100,260,0.2879033166650653,16
167,Sunny,100,302,0.0,0
168,Cloudy,0,808,0.9589242746631385,5
169,Sunny,100,262,0.9880316240928618,30
170,Cloudy,0,584,0.6569865987187891,7
171,Cloudy,0,503,0.9613974918795568,17
172,Cloudy,0,598,0.6435381333569994,37
173,Sunny,100,187,0.5440211108893699,10
174,Sunny,100,439,0.0,0
175,Cloudy,0,625,0.5440211108893699,10
176,Sunny,100,345,0.5365729180004349,12
177,Cloudy,0,675,0.9893582466233818,8
178,Cloudy,0,935,0.8462204041751706,23
179,Sunny,100,57,0.5440211108893699,10
180,Cloudy,0,821,0.2879033166650653,16
181,Cloudy,0,557,0.27090578830786904,28
182,Sunny,100,451,0.7682546613236668,48
183,Cloudy,0,696,0.6569865987187891,7
184,Cloudy,0,771,0.13235175009777303,25
185,Cloudy,0,855,0.9917788534431158,36
186,Cloudy,0,943,0.9917788534431158,36
187,Cloudy,0,785,0.9092974268256817,2
188,Sunny,100,264,0.9999902065507035,11
189,Sunny,100,240,0.6569865987187891,7
190,Sunny,100,435,0.9637953862840878,39
191,Sunny,100,415,0.7451131604793488,40
192,Cloudy,0,744,0.9055783620066239,24
193,Cloudy,0,845,0.9537526527594719,49
194,Cloudy,0,783,0.9092974268256817,2
195,Sunny,100,39,0.9165215479156338,42
196,Cloudy,0,529,0.9055783620066239,24
197,Cloudy,0,730,0.9165215479156338,42
198,Cloudy,0,561,0.6502878401571169,15
199,Sunny,100,420,0.6435381333569994,37
200,Sunny,100,171,0.6569865987187891,7
201,Sunny,100,473,0.27090578830786904,28
202,Cloudy,0,896,0.6502878401571169,15
203,Cloudy,0,661,0.9893582466233818,8
204,Cloudy,0,503,0.750987246771676,18
205,Sunny,100,9,0.5290826861200238,34
206,Sunny,100,229,0.9055783620066239,24
207,Sunny,100,121,0.4201670368266409,13
208,Cloudy,0,943,0.5440211108893699,10
209,Cloudy,0,906,0.8509035245341184,45
210,Sunny,100,335,0.6569865987187891,7
211,Sunny,100,187,0.1411200080598672,3
212,Sunny,100,394,0.404037645323065,31
213,Cloudy,0,918,0.14987720966295234,19
214,Sunny,100,475,0.6569865987187891,7
215,Sunny,100,213,0.7451131604793488,40
216,Cloudy,0,915,0.9880316240928618,30
217,Cloudy,0,805,0.4201670368266409,13
218,Sunny,100,233,0.9589242746631385,5
219,Cloudy,0,929,0.9906073556948704,14
220,Sunny,100,57,0.9999902065507035,11
221,Sunny,100,488,0.6435381333569994,37
222,Cloudy,0,572,0.6569865987187891,7
223,Cloudy,0,646,0.123573122745224,47
224,Sunny,100,100,0.9017883476488092,46
225,Sunny,100,291,0.9999118601072672,33
226,Sunny,100,451,0.5514266812416906,32
227,Cloudy,0,603,0.7682546613236668,48
228,Sunny,100,214,0.9613974918795568,17
229,Cloudy,0,668,0.8509035245341184,45
230,Sunny,100,394,0.27941549819892586,6
231,Cloudy,0,641,0.13235175009777303,25
232,Sunny,100,198,0.6569865987187891,7
233,Sunny,100,454,0.9537526527594719,49
234,Sunny,100,256,0.9999902065507035,11
235,Cloudy,0,703,0.7568024953079282,4
236,Cloudy,0,887,0.158622668804709,41
237,Cloudy,0,823,0.428182669496151,35
238,Cloudy,0,842,0.008851309290403876,22
239,Sunny,100,58,0.404037645323065,31
240,Cloudy,0,566,0.9017883476488092,46
241,Cloudy,0,714,0.14987720966295234,19
242,Cloudy,0,785,0.7625584504796028,26
243,Sunny,100,461,0.1411200080598672,3
244,Sunny,100,485,0.6435381333569994,37
245,Cloudy,0,606,0.9055783620066239,24
246,Sunny,100,340,0.9999118601072672,33
247,Cloudy,0,720,0.27090578830786904,28
248,Cloudy,0,978,0.7568024953079282,4
249,Sunny,100,0,0.27941549819892586,6
250,Sunny,100,13,0.1411200080598672,3
251,Cloudy,0,970,0.13235175009777303,25
252,Sunny,100,151,0.9917788534431158,36
253,Sunny,100,92,0.750987246771676,18
254,Sunny,100,430,0.8509035245341184,45
255,Sunny,100,101,0.7682546613236668,48
256,Cloudy,0,658,0.750987246771676,18
257,Sunny,100,274,0.6569865987187891,7
258,Sunny,100,344,0.123573122745224,47
259,Cloudy,0,733,0.13235175009777303,25
260,Sunny,100,137,0.8509035245341184,45
261,Sunny,100,19,0.8462204041751706,23
262,Sunny,100,19,0.956375928404503,27
263,Cloudy,0,911,0.956375928404503,27
264,Cloudy,0,548,0.4121184852417566,9
265,Sunny,100,361,0.6569865987187891,7
266,Sunny,100,13,0.5440211108893699,10
267,Cloudy,0,662,0.2879033166650653,16
268,Cloudy,0,503,0.9129452507276277,20
269,Sunny,100,81,0.5365729180004349,12
270,Sunny,100,5,0.750987246771676,18
271,Sunny,100,150,0.836655638536056,21
272,Sunny,100,229,0.8317747426285983,43
273,Cloudy,0,895,0.8317747426285983,43
274,Cloudy,0,507,0.428182669496151,35
275,Cloudy,0,988,0.9092974268256817,2
276,Cloudy,0,779,0.4201670368266409,13
277,Sunny,100,37,0.9637953862840878,39
278,Sunny,100,451,0.9055783620066239,24
279,Cloudy,0,535,0.9537526527594719,49
280,Cloudy,0,772,0.6569865987187891,7
281,Sunny,100,245,0.4121184852417566,9
282,Cloudy,0,540,0.6502878401571169,15
283,Cloudy,0,752,0.158622668804709,41
284,Cloudy,0,985,0.9637953862840878,39
285,Cloudy,0,508,0.5514266812416906,32
286,Sunny,100,32,0.5290826861200238,34
287,Sunny,100,217,0.9129452507276277,20
288,Cloudy,0,955,0.14987720966295234,19
289,Sunny,100,195,0.2963685787093853,38
290,Sunny,100,295,0.428182669496151,35
291,Sunny,100,162,0.8317747426285983,43
292,Cloudy,0,807,0.7625584504796028,26
293,Cloudy,0,525,0.7451131604793488,40
294,Cloudy,0,825,0.017701925105413577,44
295,Sunny,100,159,0.14987720966295234,19
296,Sunny,100,481,0.13235175009777303,25
297,Cloudy,0,779,0.27941549819892586,6
298,Cloudy,0,715,0.0,0
299,Sunny,100,168,0.9537526527594719,49
300,Sunny,100,426,0.9537526527594719,49
301,Sunny,100,316,0.8414709848078965,1
302,Cloudy,0,616,0.9999118601072672,33
303,Sunny,100,173,0.9092974268256817,2
304,Sunny,100,178,0.404037645323065,31
305,Sunny,100,365,0.6636338842129675,29
306,Sunny,100,139,0.1411200080598672,3
307,Cloudy,0,594,0.5440211108893699,10
308,Sunny,100,252,0.428182669496151,35
309,Cloudy,0,981,0.017701925105413577,44
310,Cloudy,0,932,0.0,0
311,Sunny,100,430,0.9917788534431158,36
312,Cloudy,0,964,0.7625584504796028,26
313,Cloudy,0,595,0.0,0
314,Cloudy,0,602,0.9129452507276277,20
315,Cloudy,0,524,0.7451131604793488,40
316,Cloudy,0,773,0.7451131604793488,40
317,Cloudy,0,573,0.9880316240928618,30
318,Sunny,100,470,0.7451131604793488,40
319,Cloudy,0,594,0.9880316240928618,30
320,Cloudy,0,764,0.9537526527594719,49
321,Cloudy,0,574,0.9906073556948704,14
322,Sunny,100,464,0.6502878401571169,15
323,Cloudy,0,726,0.4121184852417566,9
324,Sunny,100,150,0.2963685787093853,38
325,Sunny,100,422,0.404037645323065,31
326,Sunny,100,259,0.6502878401571169,15
327,Sunny,100,175,0.836655638536056,21
328,Cloudy,0,783,0.5290826861200238,34
329,Sunny,100,281,0.6435381333569994,37
330,Cloudy,0,890,0.1411200080598672,3
331,Cloudy,0,655,0.9880316240928618,30
332,Cloudy,0,940,0.9537526527594719,49
333,Sunny,100,202,0.8462204041751706,23
334,Sunny,100,161,0.9055783620066239,24
335,Sunny,100,102,0.5440211108893699,10
336,Cloudy,0,983,0.7568024953079282,4
337,Sunny,100,362,0.4201670368266409,13
338,Cloudy,0,695,0.9906073556948704,14
339,Sunny,100,336,0.8462204041751706,23
340,Cloudy,0,949,0.158622668804709,41
341,Sunny,100,266,0.404037645323065,31
342,Cloudy,0,625,0.9999118601072672,33
343,Cloudy,0,712,0.9880316240928618,30
344,Sunny,100,101,0.27090578830786904,28
345,Sunny,100,403,0.8414709848078965,1
346,Cloudy,0,545,0.4201670368266409,13
347,Sunny,100,252,0.9999902065507035,11
348,Sunny,100,441,0.8462204041751706,23
349,Sunny,100,40,0.836655638536056,21
350,Sunny,100,457,0.27090578830786904,28
351,Cloudy,0,973,0.428182669496151,35
352,Sunny,100,190,0.8462204041751706,23
353,Sunny,100,194,0.9637953862840878,39
354,Sunny,100,248,0.9906073556948704,14
355,Sunny,100,253,0.6435381333569994,37
356,Sunny,100,39,0.2963685787093853,38
357,Sunny,100,107,0.1411200080598672,3
358,Cloudy,0,651,0.27941549819892586,6
359,Sunny,100,223,0.750987246771676,18
360,Sunny,100,421,0.956375928404503,27
361,Cloudy,0,993,0.9880316240928618,30
362,Cloudy,0,958,0.7568024953079282,4
363,Cloudy,0,598,0.7451131604793488,40
364,Cloudy,0,915,0.2879033166650653,16
365,Cloudy,0,688,0.956375928404503,27
366,Sunny,100,242,0.9537526527594719,49
367,Sunny,100,60,0.8414709848078965,1
368,Cloudy,0,728,0.5290826861200238,34
369,Cloudy,0,537,0.27941549819892586,6
370,Sunny,100,492,0.8317747426285983,43
371,Cloudy,0,744,0.956375928404503,27
372,Sunny,100,336,0.956375928404503,27
373,Cloudy,0,579,0.9880316240928618,30
374,Cloudy,0,989,0.6569865987187891,7
375,Cloudy,0,775,0.9880316240928618,30
376,Sunny,100,478,0.8317747426285983,43
377,Cloudy,0,994,0.7625584504796028,26
378,Cloudy,0,891,0.123573122745224,47
379,Cloudy,0,699,0.6569865987187891,7
380,Cloudy,0,720,0.4121184852417566,9
381,Sunny,100,448,0.4201670368266409,13
382,Sunny,100,142,0.123573122745224,47
383,Sunny,100,82,0.404037645323065,31
384,Cloudy,0,552,0.2963685787093853,38
385,Sunny,100,22,0.9999902065507035,11
386,Cloudy,0,883,0.9906073556948704,14
387,Sunny,100,183,0.9589242746631385,5
388,Cloudy,0,732,0.9999118601072672,33
389,Sunny,100,411,0.5514266812416906,32
390,Cloudy,0,902,0.5290826861200238,34
391,Cloudy,0,812,0.9017883476488092,46
392,Cloudy,0,856,0.7682546613236668,48
393,Cloudy,0,593,0.6502878401571169,15
394,Sunny,100,232,0.9589242746631385,5
395,Cloudy,0,861,0.8509035245341184,45
396,Sunny,100,4,0.404037645323065,31
397,Cloudy,0,929,0.0,0
398,Cloudy,0,697,0.4121184852417566,9
399,Sunny,100,344,0.4201670368266409,13
400,Cloudy,0,593,0.9999902065507035,11
401,Sunny,100,328,0.6435381333569994,37
402,Sunny,100,207,0.008851309290403876,22
403,Sunny,100,15,0.9165215479156338,42
404,Cloudy,0,553,0.0,0
405,Cloudy,0,553,0.9092974268256817,2
406,Cloudy,0,725,0.5440211108893699,10
407,Cloudy,0,585,0.0,0
408,Sunny,100,251,0.8509035245341184,45
409,Sunny,100,383,0.5514266812416906,32
410,Sunny,100,431,0.13235175009777303,25
411,Cloudy,0,586,0.2963685787093853,38
412,Sunny,100,73,0.9165215479156338,42
413,Sunny,100,5,0.123573122745224,47
414,Cloudy,0,608,0.7682546613236668,48
415,Cloudy,0,555,0.956375928404503,27
416,Sunny,100,216,0.14987720966295234,19
417,Sunny,100,178,0.7682546613236668,48
418,Sunny,100,408,0.158622668804709,41
419,Cloudy,0,994,0.4121184852417566,9
420,Sunny,100,59,0.750987246771676,18
421,Cloudy,0,894,0.6569865987187891,7
422,Sunny,100,160,0.5440211108893699,10
423,Cloudy,0,794,0.14987720966295234,19
424,Sunny,100,180,0.4201670368266409,13
425,Sunny,100,138,0.7682546613236668,48
426,Sunny,100,44,0.9893582466233818,8
427,Cloudy,0,993,0.5440211108893699,10
428,Sunny,100,91,0.4201670368266409,13
429,Cloudy,0,864,0.27941549819892586,6
430,Sunny,100,274,0.27090578830786904,28
431,Cloudy,0,527,0.9880316240928618,30
432,Cloudy,0,592,0.13235175009777303,25
433,Sunny,100,158,0.9589242746631385,5
434,Sunny,100,334,0.9917788534431158,36
435,Sunny,100,144,0.9129452507276277,20
436,Sunny,100,393,0.9880316240928618,30
437,Cloudy,0,901,0.7451131604793488,40
438,Cloudy,0,757,0.836655638536056,21
439,Sunny,100,107,0.017701925105413577,44
440,Sunny,100,105,0.8509035245341184,45
441,Sunny,100,422,0.8317747426285983,43
442,Cloudy,0,933,0.7451131604793488,40
443,Cloudy,0,789,0.2879033166650653,16
444,Cloudy,0,998,0.008851309290403876,22
445,Sunny,100,93,0.6502878401571169,15
446,Sunny,100,495,0.4201670368266409,13
447,Cloudy,0,565,0.2879033166650653,16
448,Cloudy,0,646,0.0,0
449,Sunny,100,414,0.6435381333569994,37
450,Sunny,100,55,0.5440211108893699,10
451,Sunny,100,417,0.0,0
452,Cloudy,0,645,0.6636338842129675,29
453,Cloudy,0,989,0.9906073556948704,14
454,Sunny,100,325,0.404037645323065,31
455,Cloudy,0,928,0.9906073556948704,14
456,Sunny,100,323,0.8414709848078965,1
457,Cloudy,0,851,0.5440211108893699,10
458,Sunny,100,469,0.9893582466233818,8
459,Cloudy,0,741,0.428182669496151,35
460,Cloudy,0,990,0.7625584504796028,26
461,Cloudy,0,775,0.008851309290403876,22
462,Cloudy,0,771,0.017701925105413577,44
463,Cloudy,0,975,0.9092974268256817,2
464,Cloudy,0,890,0.14987720966295234,19
465,Sunny,100,415,0.428182669496151,35
466,Cloudy,0,962,0.123573122745224,47
467,Sunny,100,220,0.158622668804709,41
468,Sunny,100,179,0.6502878401571169,15
469,Cloudy,0,885,0.13235175009777303,25
470,Sunny,100,256,0.8509035245341184,45
471,Cloudy,0,785,0.9917788534431158,36
472,Sunny,100,91,0.008851309290403876,22
473,Sunny,100,409,0.9165215479156338,42
474,Cloudy,0,775,0.9999118601072672,33
475,Sunny,100,142,0.7568024953079282,4
476,Cloudy,0,512,0.6636338842129675,29
477,Sunny,100,469,0.9589242746631385,5
478,Cloudy,0,705,0.008851309290403876,22
479,Cloudy,0,984,0.0,0
480,Sunny,100,51,0.7682546613236668,48
481,Sunny,100,423,0.9893582466233818,8
482,Sunny,100,341,0.6636338842129675,29
483,Cloudy,0,944,0.5514266812416906,32
484,Cloudy,0,966,0.5365729180004349,12
485,Sunny,100,500,0.9129452507276277,20
486,Cloudy,0,948,0.9129452507276277,20
487,Sunny,100,414,0.2963685787093853,38
488,Cloudy,0,915,0.8462204041751706,23
489,Sunny,100,137,0.14987720966295234,19
490,Sunny,100,265,0.428182669496151,35
491,Sunny,100,491,0.14987720966295234,19
492,Cloudy,0,903,0.13235175009777303,25
493,Cloudy,0,923,0.9893582466233818,8
494,Sunny,100,270,0.27090578830786904,28
495,Cloudy,0,593,0.404037645323065,31
496,Sunny,100,259,0.428182669496151,35
497,Sunny,100,123,0.2879033166650653,16
498,Cloudy,0,794,0.428182669496151,35
499,Cloudy,0,909,0.750987246771676,18
500,Sunny,100,62,0.008851309290403876,22
501,Sunny,100,105,0.750987246771676,18
502,Cloudy,0,851,0.8509035245341184,45
503,Cloudy,0,553,0.9129452507276277,20
504,Cloudy,0,656,0.956375928404503,27
505,Cloudy,0,579,0.5514266812416906,32
506,Cloudy,0,893,0.5514266812416906,32
507,Sunny,100,67,0.7625584504796028,26
508,Sunny,100,156,0.4121184852417566,9
509,Sunny,100,147,0.9906073556948704,14
510,Cloudy,0,585,0.9880316240928618,30
511,Sunny,100,436,0.7451131604793488,40
512,Sunny,100,157,0.9537526527594719,49
513,Cloudy,0,988,0.4201670368266409,13
514,Sunny,100,326,0.9893582466233818,8
515,Cloudy,0,638,0.017701925105413577,44
516,Cloudy,0,509,0.9613974918795568,17
517,Cloudy,0,641,0.5514266812416906,32
518,Cloudy,0,812,0.5290826861200238,34
519,Cloudy,0,602,0.27941549819892586,6
520,Cloudy,0,684,0.0,0
521,Cloudy,0,607,0.5290826861200238,34
522,Sunny,100,381,0.5514266812416906,32
523,Cloudy,0,970,0.008851309290403876,22
524,Cloudy,0,941,0.1411200080598672,3
525,Sunny,100,304,0.6502878401571169,15
526,Sunny,100,147,0.6569865987187891,7
527,Sunny,100,386,0.9017883476488092,46
528,Cloudy,0,644,0.7682546613236668,48
529,Sunny,100,379,0.5365729180004349,12
530,Cloudy,0,951,0.0,0
531,Sunny,100,196,0.2963685787093853,38
532,Sunny,100,230,0.9880316240928618,30
533,Cloudy,0,643,0.14987720966295234,19
534,Sunny,100,95,0.9999902065507035,11
535,Sunny,100,202,0.9165215479156338,42
536,Sunny,100,466,0.158622668804709,41
537,Sunny,100,163,0.13235175009777303,25
538,Sunny,100,320,0.2963685787093853,38
539,Cloudy,0,946,0.9999118601072672,33
540,Cloudy,0,545,0.9637953862840878,39
541,Sunny,100,326,0.428182669496151,35
542,Cloudy,0,616,0.9017883476488092,46
543,Cloudy,0,755,0.9537526527594719,49
544,Sunny,100,279,0.5440211108893699,10
545,Cloudy,0,986,0.5365729180004349,12
546,Sunny,100,21,0.9637953862840878,39
547,Cloudy,0,514,0.9917788534431158,36
548,Cloudy,0,757,0.7682546613236668,48
549,Sunny,100,154,0.27090578830786904,28
550,Sunny,100,329,0.5365729180004349,12
551,Sunny,100,8,0.9917788534431158,36
552,Sunny,100,255,0.27941549819892586,6
553,Sunny,100,218,0.9999118601072672,33
554,Cloudy,0,667,0.2963685787093853,38
555,Sunny,100,105,0.017701925105413577,44
556,Sunny,100,153,0.14987720966295234,19
557,Cloudy,0,959,0.5514266812416906,32
558,Sunny,100,180,0.9999118601072672,33
559,Cloudy,0,819,0.008851309290403876,22
560,Cloudy,0,537,0.9999118601072672,33
561,Sunny,100,69,0.5365729180004349,12
562,Sunny,100,103,0.14987720966295234,19
563,Cloudy,0,627,0.5290826861200238,34
564,Sunny,100,411,0.9589242746631385,5
565,Sunny,100,322,0.2879033166650653,16
566,Sunny,100,200,0.2963685787093853,38
567,Cloudy,0,659,0.9906073556948704,14
568,Sunny,100,118,0.8509035245341184,45
569,Cloudy,0,995,0.428182669496151,35
570,Cloudy,0,661,0.017701925105413577,44
571,Cloudy,0,790,0.836655638536056,21
572,Sunny,100,211,0.6569865987187891,7
573,Sunny,100,207,0.6569865987187891,7
574,Sunny,100,52,0.7682546613236668,48
575,Cloudy,0,831,0.6636338842129675,29
576,Cloudy,0,555,0.008851309290403876,22
577,Cloudy,0,894,0.8317747426285983,43
578,Cloudy,0,680,0.7451131604793488,40
579,Sunny,100,123,0.27090578830786904,28
580,Cloudy,0,908,0.9999118601072672,33
581,Sunny,100,236,0.9906073556948704,14
582,Cloudy,0,900,0.7451131604793488,40
583,Sunny,100,47,0.4201670368266409,13
584,Sunny,100,15,0.27090578830786904,28
585,Sunny,100,8,0.27090578830786904,28
586,Cloudy,0,828,0.9129452507276277,20
587,Cloudy,0,938,0.4201670368266409,13
588,Sunny,100,451,0.9537526527594719,49
589,Cloudy,0,619,0.9613974918795568,17
590,Cloudy,0,698,0.8414709848078965,1
591,Cloudy,0,973,0.5290826861200238,34
592,Sunny,100,427,0.956375928404503,27
593,Cloudy,0,565,0.9906073556948704,14
594,Cloudy,0,523,0.9165215479156338,42
595,Cloudy,0,602,0.27941549819892586,6
596,Cloudy,0,584,0.158622668804709,41
597,Sunny,100,320,0.8509035245341184,45
598,Sunny,100,210,0.9092974268256817,2
599,Sunny,100,78,0.158622668804709,41
600,Sunny,100,387,0.7451131604793488,40
601,Cloudy,0,865,0.9917788534431158,36
602,Cloudy,0,510,0.404037645323065,31
603,Cloudy,0,776,0.13235175009777303,25
604,Sunny,100,474,0.008851309290403876,22
605,Cloudy,0,644,0.9893582466233818,8
606,Sunny,100,341,0.956375928404503,27
607,Sunny,100,199,0.017701925105413577,44
608,Cloudy,0,743,0.9999902065507035,11
609,Sunny,100,25,0.9613974918795568,17
610,Sunny,100,106,0.2963685787093853,38
611,Sunny,100,27,0.6502878401571169,15
612,Cloudy,0,617,0.6636338842129675,29
613,Sunny,100,248,0.9092974268256817,2
614,Sunny,100,260,0.7625584504796028,26
615,Sunny,100,9,0.9017883476488092,46
616,Sunny,100,492,0.6502878401571169,15
617,Sunny,100,368,0.6569865987187891,7
618,Cloudy,0,691,0.8462204041751706,23
619,Cloudy,0,605,0.5365729180004349,12
620,Cloudy,0,698,0.5514266812416906,32
621,Sunny,100,308,0.9893582466233818,8
622,Cloudy,0,988,0.9589242746631385,5
623,Sunny,100,64,0.5365729180004349,12
624,Cloudy,0,977,0.9165215479156338,42
625,Cloudy,0,790,0.9017883476488092,46
626,Sunny,100,297,0.4201670368266409,13
627,Sunny,100,134,0.5440211108893699,10
628,Sunny,100,218,0.6636338842129675,29
629,Cloudy,0,977,0.9017883476488092,46
630,Cloudy,0,704,0.1411200080598672,3
631,Sunny,100,465,0.9999902065507035,11
632,Cloudy,0,620,0.5290826861200238,34
633,Cloudy,0,575,0.404037645323065,31
634,Sunny,100,456,0.7568024953079282,4
635,Cloudy,0,586,0.27941549819892586,6
636,Sunny,100,439,0.008851309290403876,22
637,Cloudy,0,883,0.9165215479156338,42
638,Sunny,100,468,0.9017883476488092,46
639,Sunny,100,233,0.7682546613236668,48
640,Cloudy,0,988,0.6502878401571169,15
641,Sunny,100,414,0.14987720966295234,19
642,Sunny,100,261,0.9129452507276277,20
643,Sunny,100,126,0.7682546613236668,48
644,Sunny,100,423,0.27090578830786904,28
645,Cloudy,0,553,0.14987720966295234,19
646,Sunny,100,118,0.8414709848078965,1
647,Sunny,100,441,0.008851309290403876,22
648,Cloudy,0,847,0.9537526527594719,49
649,Cloudy,0,768,0.8414709848078965,1
650,Cloudy,0,870,0.8317747426285983,43
651,Sunny,100,396,0.9129452507276277,20
652,Cloudy,0,986,0.1411200080598672,3
653,Sunny,100,382,0.8414709848078965,1
654,Sunny,100,279,0.5365729180004349,12
655,Sunny,100,149,0.8462204041751706,23
656,Sunny,100,470,0.9092974268256817,2
657,Sunny,100,370,0.9589242746631385,5
658,Cloudy,0,565,0.8414709848078965,1
659,Sunny,100,149,0.5440211108893699,10
660,Cloudy,0,635,0.9165215479156338,42
661,Cloudy,0,571,0.9613974918795568,17
662,Sunny,100,456,0.4201670368266409,13
663,Cloudy,0,525,0.750987246771676,18
664,Cloudy,0,698,0.6569865987187891,7
665,Cloudy,0,806,0.8317747426285983,43
666,Sunny,100,478,0.5365729180004349,12
667,Sunny,100,64,0.6435381333569994,37
668,Cloudy,0,584,0.27941549819892586,6
669,Cloudy,0,683,0.7682546613236668,48
670,Sunny,100,140,0.4121184852417566,9
671,Sunny,100,337,0.123573122745224,47
672,Sunny,100,290,0.9017883476488092,46
673,Cloudy,0,619,0.9589242746631385,5
674,Sunny,100,283,0.2963685787093853,38
675,Sunny,100,359,0.14987720966295234,19
676,Cloudy,0,718,0.7682546613236668,48
677,Sunny,100,390,0.836655638536056,21
678,Cloudy,0,662,0.27090578830786904,28
679,Sunny,100,138,0.158622668804709,41
680,Cloudy,0,792,0.9055783620066239,24
681,Cloudy,0,602,0.5440211108893699,10
682,Sunny,100,374,0.9880316240928618,30
683,Cloudy,0,595,0.9589242746631385,5
684,Cloudy,0,663,0.9092974268256817,2
685,Cloudy,0,635,0.8462204041751706,23
686,Sunny,100,162,0.9917788534431158,36
687,Sunny,100,319,0.8509035245341184,45
688,Sunny,100,404,0.1411200080598672,3
689,Sunny,100,45,0.956375928404503,27
690,Sunny,100,165,0.158622668804709,41
691,Cloudy,0,921,0.9999118601072672,33
692,Cloudy,0,860,0.9165215479156338,42
693,Sunny,100,464,0.5440211108893699,10
694,Cloudy,0,975,0.6502878401571169,15
695,Cloudy,0,839,0.6569865987187891,7
696,Cloudy,0,585,0.9165215479156338,42
697,Sunny,100,467,0.008851309290403876,22
698,Cloudy,0,985,0.9893582466233818,8
699,Cloudy,0,974,0.9999118601072672,33
700,Cloudy,0,907,0.4201670368266409,13
701,Cloudy,0,860,0.7682546613236668,48
702,Cloudy,0,575,0.9165215479156338,42
703,Sunny,100,8,0.7682546613236668,48
704,Sunny,100,307,0.9999902065507035,11
705,Sunny,100,458,0.9637953862840878,39
706,Cloudy,0,983,0.4121184852417566,9
707,Sunny,100,404,0.9999118601072672,33
708,Sunny,100,253,0.8317747426285983,43
709,Cloudy,0,708,0.2879033166650653,16
710,Sunny,100,215,0.6502878401571169,15
711,Cloudy,0,590,0.9165215479156338,42
712,Cloudy,0,601,0.0,0
713,Cloudy,0,552,0.7568024953079282,4
714,Sunny,100,58,0.836655638536056,21
715,Cloudy,0,828,0.7625584504796028,26
716,Cloudy,0,882,0.1411200080598672,3
717,Sunny,100,214,0.7451131604793488,40
718,Cloudy,0,831,0.9999118601072672,33
719,Cloudy,0,938,0.428182669496151,35
720,Cloudy,0,824,0.6435381333569994,37
721,Sunny,100,16,0.836655638536056,21
722,Cloudy,0,557,0.158622668804709,41
723,Cloudy,0,721,0.8414709848078965,1
724,Sunny,100,120,0.9613974918795568,17
725,Cloudy,0,862,0.8509035245341184,45
726,Sunny,100,45,0.404037645323065,31
727,Cloudy,0,896,0.5290826861200238,34
728,Sunny,100,3,0.9092974268256817,2
729,Sunny,100,280,0.9165215479156338,42
730,Sunny,100,124,0.7625584504796028,26
731,Sunny,100,233,0.14987720966295234,19
732,Sunny,100,288,0.5365729180004349,12
733,Sunny,100,167,0.017701925105413577,44
734,Sunny,100,309,0.1411200080598672,3
735,Cloudy,0,891,0.404037645323065,31
736,Cloudy,0,565,0.4121184852417566,9
737,Sunny,100,339,0.158622668804709,41
738,Cloudy,0,517,0.9129452507276277,20
739,Sunny,100,115,0.9092974268256817,2
740,Sunny,100,79,0.8509035245341184,45
741,Cloudy,0,998,0.9537526527594719,49
742,Cloudy,0,872,0.8509035245341184,45
743,Sunny,100,454,0.9613974918795568,17
744,Sunny,100,10,0.8414709848078965,1
745,Sunny,100,282,0.6569865987187891,7
746,Sunny,100,212,0.7682546613236668,48
747,Sunny,100,279,0.27090578830786904,28
748,Sunny,100,420,0.7568024953079282,4
749,Sunny,100,10,0.9129452507276277,20
750,Cloudy,0,807,0.9129452507276277,20
751,Cloudy,0,905,0.9999902065507035,11
752,Sunny,100,166,0.9589242746631385,5
753,Sunny,100,66,0.9165215479156338,42
754,Sunny,100,202,0.9165215479156338,42
755,Cloudy,0,684,0.4201670368266409,13
756,Cloudy,0,564,0.6569865987187891,7
757,Cloudy,0,872,0.9893582466233818,8
758,Cloudy,0,540,0.8462204041751706,23
759,Sunny,100,423,0.8317747426285983,43
760,Sunny,100,492,0.9637953862840878,39
761,Sunny,100,215,0.836655638536056,21
762,Cloudy,0,523,0.9637953862840878,39
763,Sunny,100,437,0.5440211108893699,10
764,Cloudy,0,754,0.6435381333569994,37
765,Sunny,100,165,0.9999118601072672,33
766,Cloudy,0,766,0.5440211108893699,10
767,Sunny,100,96,0.9999902065507035,11
768,Cloudy,0,910,0.9999902065507035,11
769,Sunny,100,292,0.2879033166650653,16
770,Cloudy,0,725,0.9017883476488092,46
771,Cloudy,0,980,0.9999902065507035,11
772,Cloudy,0,729,0.5514266812416906,32
773,Cloudy,0,995,0.9165215479156338,42
774,Sunny,100,152,0.9999902065507035,11
775,Cloudy,0,574,0.4201670368266409,13
776,Sunny,100,359,0.9017883476488092,46
777,Cloudy,0,677,0.8509035245341184,45
778,Sunny,100,20,0.6636338842129675,29
779,Cloudy,0,905,0.956375928404503,27
780,Sunny,100,232,0.5514266812416906,32
781,Sunny,100,244,0.6569865987187891,7
782,Sunny,100,4,0.0,0
783,Cloudy,0,733,0.4121184852417566,9
784,Cloudy,0,619,0.9537526527594719,49
785,Cloudy,0,708,0.750987246771676,18
786,Sunny,100,231,0.2879033166650653,16
787,Sunny,100,333,0.8462204041751706,23
788,Cloudy,0,566,0.9589242746631385,5
789,Cloudy,0,803,0.14987720966295234,19
790,Sunny,100,362,0.8317747426285983,43
791,Cloudy,0,800,0.14987720966295234,19
792,Sunny,100,313,0.7568024953079282,4
793,Cloudy,0,548,0.158622668804709,41
794,Sunny,100,6,0.9999118601072672,33
795,Sunny,100,132,0.9999118601072672,33
796,Sunny,100,30,0.7451131604793488,40
797,Cloudy,0,547,0.9906073556948704,14
798,Cloudy,0,799,0.428182669496151,35
799,Cloudy,0,590,0.6502878401571169,15
800,Cloudy,0,571,0.7451131604793488,40
801,Sunny,100,70,0.9589242746631385,5
802,Sunny,100,249,0.8317747426285983,43
803,Cloudy,0,535,0.9906073556948704,14
804,Sunny,100,393,0.9637953862840878,39
805,Cloudy,0,586,0.8317747426285983,43
806,Sunny,100,278,0.6435381333569994,37
807,Cloudy,0,779,0.9999118601072672,33
808,Sunny,100,266,0.7682546613236668,48
809,Sunny,100,103,0.8509035245341184,45
810,Cloudy,0,800,0.6636338842129675,29
811,Sunny,100,385,0.4201670368266409,13
812,Cloudy,0,933,0.8317747426285983,43
813,Cloudy,0,680,0.7682546613236668,48
814,Cloudy,0,582,0.9055783620066239,24
815,Sunny,100,95,0.8509035245341184,45
816,Cloudy,0,720,0.8414709848078965,1
817,Sunny,100,440,0.8317747426285983,43
818,Cloudy,0,510,0.1411200080598672,3
819,Cloudy,0,879,0.9999118601072672,33
820,Cloudy,0,579,0.9017883476488092,46
821,Sunny,100,31,0.017701925105413577,44
822,Cloudy,0,596,0.8317747426285983,43
823,Sunny,100,384,0.2963685787093853,38
824,Sunny,100,466,0.017701925105413577,44
825,Cloudy,0,743,0.956375928404503,27
826,Cloudy,0,837,0.9055783620066239,24
827,Sunny,100,105,0.6569865987187891,7
828,Cloudy,0,727,0.7625584504796028,26
829,Sunny,100,411,0.9880316240928618,30
830,Sunny,100,401,0.6636338842129675,29
831,Cloudy,0,559,0.0,0
832,Sunny,100,452,0.123573122745224,47
833,Cloudy,0,768,0.6502878401571169,15
834,Sunny,100,308,0.9537526527594719,49
835,Cloudy,0,898,0.0,0
836,Cloudy,0,889,0.6502878401571169,15
837,Cloudy,0,782,0.5365729180004349,12
838,Cloudy,0,585,0.9055783620066239,24
839,Cloudy,0,647,0.2963685787093853,38
840,Sunny,100,130,0.8317747426285983,43
841,Sunny,100,428,0.008851309290403876,22
842,Cloudy,0,646,0.9906073556948704,14
843,Cloudy,0,514,0.1411200080598672,3
844,Cloudy,0,546,0.5514266812416906,32
845,Sunny,100,296,0.008851309290403876,22
846,Cloudy,0,906,0.9880316240928618,30
847,Cloudy,0,549,0.9017883476488092,46
848,Cloudy,0,900,0.008851309290403876,22
849,Cloudy,0,812,0.5514266812416906,32
850,Sunny,100,124,0.9893582466233818,8
851,Sunny,100,496,0.9880316240928618,30
852,Sunny,100,187,0.9092974268256817,2
853,Sunny,100,296,0.5290826861200238,34
854,Cloudy,0,763,0.8462204041751706,23
855,Cloudy,0,533,0.2963685787093853,38
856,Cloudy,0,679,0.9906073556948704,14
857,Cloudy,0,543,0.404037645323065,31
858,Sunny,100,437,0.404037645323065,31
859,Sunny,100,314,0.428182669496151,35
860,Cloudy,0,676,0.9880316240928618,30
861,Sunny,100,363,0.8462204041751706,23
862,Cloudy,0,522,0.9999118601072672,33
863,Sunny,100,220,0.2879033166650653,16
864,Sunny,100,11,0.4121184852417566,9
865,Cloudy,0,570,0.4201670368266409,13
866,Sunny,100,347,0.14987720966295234,19
867,Sunny,100,293,0.9017883476488092,46
868,Sunny,100,248,0.0,0
869,Cloudy,0,894,0.9129452507276277,20
870,Sunny,100,255,0.9055783620066239,24
871,Cloudy,0,881,0.27090578830786904,28
872,Cloudy,0,505,0.6502878401571169,15
873,Sunny,100,291,0.750987246771676,18
874,Cloudy,0,766,0.428182669496151,35
875,Sunny,100,430,0.750987246771676,18
876,Sunny,100,65,0.5440211108893699,10
877,Sunny,100,436,0.158622668804709,41
878,Cloudy,0,908,0.4121184852417566,9
879,Sunny,100,300,0.9017883476488092,46
880,Sunny,100,267,0.836655638536056,21
881,Cloudy,0,822,0.6502878401571169,15
882,Cloudy,0,849,0.4121184852417566,9
883,Sunny,100,98,0.8414709848078965,1
884,Cloudy,0,828,0.2879033166650653,16
885,Sunny,100,361,0.2879033166650653,16
886,Cloudy,0,533,0.2963685787093853,38
887,Cloudy,0,575,0.8317747426285983,43
888,Cloudy,0,553,0.428182669496151,35
889,Cloudy,0,580,0.9092974268256817,2
890,Sunny,100,381,0.017701925105413577,44
891,Cloudy,0,662,0.956375928404503,27
892,Cloudy,0,971,0.9893582466233818,8
893,Cloudy,0,806,0.5290826861200238,34
894,Cloudy,0,655,0.27090578830786904,28
895,Sunny,100,203,0.9537526527594719,49
896,Sunny,100,26,0.017701925105413577,44
897,Cloudy,0,940,0.4201670368266409,13
898,Sunny,100,8,0.9537526527594719,49
899,Sunny,100,408,0.6435381333569994,37
900,Cloudy,0,756,0.9017883476488092,46
901,Cloudy,0,877,0.1411200080598672,3
902,Sunny,100,92,0.158622668804709,41
903,Cloudy,0,580,0.7682546613236668,48
904,Cloudy,0,739,0.9165215479156338,42
905,Sunny,100,325,0.2879033166650653,16
906,Cloudy,0,739,0.14987720966295234,19
907,Sunny,100,464,0.1411200080598672,3
908,Sunny,100,199,0.836655638536056,21
909,Sunny,100,361,0.9055783620066239,24
910,Cloudy,0,858,0.9165215479156338,42
911,Cloudy,0,513,0.404037645323065,31
912,Cloudy,0,815,0.8414709848078965,1
913,Cloudy,0,547,0.0,0
914,Sunny,100,68,0.9165215479156338,42
915,Cloudy,0,765,0.6569865987187891,7
916,Sunny,100,294,0.1411200080598672,3
917,Sunny,100,119,0.008851309290403876,22
918,Sunny,100,104,0.13235175009777303,25
919,Cloudy,0,869,0.9589242746631385,5
920,Sunny,100,69,0.2963685787093853,38
921,Sunny,100,71,0.2879033166650653,16
922,Sunny,100,312,0.956375928404503,27
923,Cloudy,0,613,0.9893582466233818,8
924,Sunny,100,158,0.7625584504796028,26
925,Sunny,100,376,0.956375928404503,27
926,Cloudy,0,551,0.5365729180004349,12
927,Sunny,100,48,0.9589242746631385,5
928,Sunny,100,313,0.2879033166650653,16
929,Cloudy,0,556,0.123573122745224,47
930,Sunny,100,246,0.27941549819892586,6
931,Cloudy,0,632,0.7682546613236668,48
932,Sunny,100,455,0.9999902065507035,11
933,Cloudy,0,506,0.5440211108893699,10
934,Cloudy,0,580,0.14987720966295234,19
935,Sunny,100,150,0.9055783620066239,24
936,Sunny,100,179,0.9893582466233818,8
937,Cloudy,0,501,0.9893582466233818,8
938,Cloudy,0,866,0.2963685787093853,38
939,Sunny,100,210,0.1411200080598672,3
940,Cloudy,0,713,0.9055783620066239,24
941,Sunny,100,463,0.9999118601072672,33
942,Sunny,100,75,0.9999118601072672,33
943,Cloudy,0,878,0.017701925105413577,44
944,Cloudy,0,727,0.0,0
945,Sunny,100,13,0.9017883476488092,46
946,Sunny,100,397,0.5365729180004349,12
947,Sunny,100,488,0.8414709848078965,1
948,Cloudy,0,800,0.14987720966295234,19
949,Sunny,100,296,0.7568024953079282,4
950,Sunny,100,34,0.017701925105413577,44
951,Cloudy,0,952,0.9129452507276277,20
952,Sunny,100,109,0.9637953862840878,39
953,Cloudy,0,929,0.7682546613236668,48
954,Cloudy,0,936,0.7568024953079282,4
955,Cloudy,0,941,0.5365729180004349,12
956,Sunny,100,112,0.8317747426285983,43
957,Sunny,100,85,0.9613974918795568,17
958,Cloudy,0,879,0.9055783620066239,24
959,Cloudy,0,976,0.5514266812416906,32
960,Sunny,100,330,0.6502878401571169,15
961,Cloudy,0,831,0.6636338842129675,29
962,Cloudy,0,531,0.5514266812416906,32
963,Cloudy,0,564,0.9917788534431158,36
964,Cloudy,0,601,0.9055783620066239,24
965,Cloudy,0,941,0.6435381333569994,37
966,Sunny,100,8,0.5514266812416906,32
967,Cloudy,0,738,0.8414709848078965,1
968,Cloudy,0,538,0.5440211108893699,10
969,Cloudy,0,704,0.8317747426285983,43
970,Cloudy,0,522,0.8414709848078965,1
971,Sunny,100,374,0.8317747426285983,43
972,Cloudy,0,905,0.8509035245341184,45
973,Cloudy,0,949,0.6569865987187891,7
974,Sunny,100,311,0.9893582466233818,8
975,Sunny,100,399,0.7568024953079282,4
976,Cloudy,0,646,0.158622668804709,41
977,Sunny,100,241,0.9999118601072672,33
978,Cloudy,0,750,0.9880316240928618,30
979,Cloudy,0,606,0.4201670368266409,13
980,Cloudy,0,875,0.4121184852417566,9
981,Cloudy,0,960,0.9999902065507035,11
982,Cloudy,0,558,0.27941549819892586,6
983,Cloudy,0,921,0.9055783620066239,24
984,Sunny,100,292,0.9999118601072672,33
985,Cloudy,0,858,0.5365729180004349,12
986,Sunny,100,379,0.9880316240928618,30
987,Cloudy,0,551,0.750987246771676,18
988,Cloudy,0,853,0.8509035245341184,45
989,Cloudy,0,773,0.4201670368266409,13
990,Sunny,100,377,0.5440211108893699,10
991,Sunny,100,51,0.6636338842129675,29
992,Sunny,100,80,0.9999118601072672,33
993,Cloudy,0,576,0.8414709848078965,1
994,Sunny,100,327,0.428182669496151,35
995,Sunny,100,130,0.5290826861200238,34
996,Cloudy,0,934,0.1411200080598672,3
997,Cloudy,0,723,0.4121184852417566,9
998,Sunny,100,180,0.4201670368266409,13
999,Cloudy,0,676,0.5290826861200238,34
1000,Cloudy,0,674,0.7568024953079282,4
